<?xml version = "1.0" encoding = "UTF-8" ?>
<mission id="EntropySet1Mission">
  <goals>
    <goal type="FileDeletion" target="ppMarketing" file="SECURE_MAILLIST.dec" path="home/WORKSPACE" />
  </goals>
  <!-- 
  Add your mission start and end items here
  missionStart val="0">loadConditionalActions:Actions/TestActions.xml</missionStart>
  missionEnd val="1">addRank</missionEnd> 
  -->
  <missionEnd val="1">addRank</missionEnd>
  <nextMission>NONE</nextMission>
  <!-- 
  <posting title="startingMission">This would be the post on a message board if it was on them.</posting>
  -->
  <posting title="经典的反黑客攻击">最近我们得到消息, 某家公司招聘到的员工越来越少...... 根据猜测, 应该是它的竞争对手公司出于不良目的, 雇佣了黑客来窃取了公司的敏感信息. 
为了避免以后的公司都雇佣黑客来干坏事, 我们决定阻止他们的交易. </posting>
  <email>
    <sender>Entropy Mailbot</sender>
    <subject>经典的反黑客攻击</subject>
    <body>你好黑客, 
"PP市场"公司最近雇佣了一名自由黑客, 他入侵了竞争对手公司的服务器窃取了一些敏感信息(我们猜测应该是邮件形式的简历列表). 他把这些简历从对手公司的服务器里删掉了, 并将简历转交到雇主公司的招聘部门. 
这种商业间谍行为很明显是在给黑客的声誉抹黑. 虽然我们对他们公司之间的竞争并不感兴趣, 但是"PP市场"公司雇佣黑客的消息已经传遍了整个网络, 所以我们要确保"PP市场"这次吃不了兜着走. 
我们不知道那些文件的确切名字, 所以你找的时候要费点心思. 记住, 你要找到并删除的是一份被偷走的邮件列表 -- 它们可能被加密或归档了. 注意, PP公司可能会对此有所防范, 他们应该会采取相应的安全措施. 
-Entropy 管理员
    </body>
    <attachments>
      <link comp="ppMarketing" />
    </attachments>
  </email>
</mission>