<?xml version = "1.0" encoding = "UTF-8" ?>
<Computer id="EntropyMission" name="Entropy 任务数据库" security="5" type="3">

  <portsForCrack val="3" />
  <ports>22, 21, 25</ports>
  <trace time="-1" />
   
   <account username="#PLAYERNAME#" password="rosebud" type="3" />
   
   <variableMissionListingServer name="EntropyMission" iconPath="Misc/Entropy.png" articleFolderPath="Missions/Entropy" color="5,104,53" assigner="true" public="false" title="Entropy Contract Listings"/>
   
   <file path="bin" name="FTPBounce.exe">#FTP_CRACK#</file>
   
</Computer>