﻿<?xml version = "1.0" encoding = "UTF-8" ?>
<mission id="News2">
  <goals>
  </goals>
  <nextMission>NONE</nextMission>
  <posting title="Entropy引起了公众的疑心">
Entropy引起了公众的疑心

在当今的世界中, 黑客组织Entropy因长期提供大量的资源信息而出名. 然而, 该组织采购了一些可疑的信息之后, 就关闭了他们的信息终端. 这样的行为引起了同行们的疑心. 
虽然这个组织长时间以来在公众间享有良好的名誉, 但如果该组织真的做出不正当行为的话, 相关人士就必须采取措施了. 
我们将跟踪报道事态的发展. 
记者 : Tom Wilkins
  </posting>
  <email>
    <sender>HackNet</sender>
    <subject>ERROR</subject>
    <body>未知错误
    </body>
    <attachments>
    </attachments>
  </email>
</mission>