﻿<?xml version = "1.0" encoding = "UTF-8" ?>
<mission id="News4">
  <goals>
  </goals>
  <nextMission>NONE</nextMission>
  <posting title="你的数据有风险吗?">
你的数据有风险吗?

最近有一个黑客组织非常活跃, 它致力于损害各种形式的社区媒体. 网络社区FriendHole就是最近的受害者. 
这个组织的身份和位置仍然是个谜. 不过组织传达的信息很明确: "在我们面前, 没有什么是安全的". 
FaceSpace的CEO炸克伯格尝试安抚紧张的用户, 他解释说, FaceSpace的措施是无懈可击的, 能查看个人信息的只有自己或指定的人, 还有FaceSpace 12000个信任的广告合作商. 
  </posting>
  <email>
    <sender>HackNet</sender>
    <subject>ERROR</subject>
    <body>未知错误
    </body>
    <attachments>
    </attachments>
  </email>
</mission>